<?xml version="1.0" encoding="utf-8"?>
<install type="module"
         version="2.5"
         method="upgrade">
	<name>YATM</name>
	<creationDate>November 29, 2012</creationDate>
	<author>Matt Thomas</author>
	<authorUrl>http://betweenbrain.com</authorUrl>
	<copyright>Copyright (C) 2009 - 2012 Matt Thomas. All rights reserved.</copyright>
	<license>GNU General Public License version 2 or later; see LICENSE.txt</license>
	<version>0.0.1</version>
	<description>Yet Another Twitter Module!</description>
	<files>
		<filename>mod_yatm.xml</filename>
		<filename module="mod_yatm">mod_yatm.php</filename>
		<filename>index.html</filename>
		<filename>helper.php</filename>
		<folder>elements</folder>
		<folder>tmpl</folder>
	</files>
	<params addpath="/modules/mod_yatm/elements">
		<param type="diagnostics"/>
		<param name="term"
		       type="text"
		       default=""
		       label="Search Term"
		       description="The term to search for on Twitter"
		       size="15"/>
		<param name="showterm"
		       type="list"
		       default="0"
		       label="Display Search Term"
		       description="If enabled, the term entered above will be displayed, linked to a live Twitter search of that term.">
			<option value="0">No</option>
			<option value="1">Yes</option>
		</param>
		<param name="via"
		       type="text"
		       default=""
		       label="Retweet Via"
		       description="Twitter username to retweet via."
		       size="15"/>
		<param name="mintweets"
		       type="text"
		       default="4"
		       label="Minimum Tweets"
		       description="The minimum number of successful hits for the search to be valid for caching and display."/>
		<param name="rpp"
		       type="text"
		       default="15"
		       label="Maximum Results"
		       description="Maximum number of Tweets to display.."
		       size="15"/>
		<param name="type"
		       type="list"
		       default="mixed"
		       label="Search Result Type"
		       description="Specifies what type of search results you would prefer to receive. The current default is mixed.">
			<option value="mixed">Mixed</option>
			<option value="recent">Recent</option>
			<option value="popular">Popular</option>
		</param>
		<param name="bannedwords"
		       type="textarea"
		       default=""
		       label="Banned Words"
		       description="A comma separated list of banned words to search for in Tweets. When matched, the Tweet will not be displayed."
		       rows="5"
		       cols="50"/>
		<param name="bannedusers"
		       type="textarea"
		       default=""
		       label="Banned Tweeters"
		       description="A comma separated list of banned Twitter users to not display Tweets from."
		       rows="5"
		       cols="50"/>
	</params>
	<params group="advanced">
		<param name="cache"
		       type="list"
		       default="0"
		       label="Caching"
		       description="Select whether or not to cache the content of this module.">
			<option value="0">No</option>
			<option value="1">Yes</option>
		</param>
		<param name="cachetime"
		       type="text"
		       default="15"
		       label="Cache Age"
		       description="The maximum age before the module cache expires."/>
		<param name="moduleclass_sfx"
		       type="text"
		       default=""
		       label="Module Class Suffix"
		       description="PARAMMODULECLASSSUFFIX"/>
		<param name="anchorclass"
		       type="text"
		       default=""
		       label="Anchor Class"
		       description="A class to add to all anchors generated by this module."/>
		<param name="fallback"
		       type="textarea"
		       default=""
		       label="Fallback Message"
		       description="The message to be displayed if no Tweets are returned or cached."
		       rows="5"
		       cols="50"/>
		<param name="showdiagnostics"
		       type="list"
		       default="0"
		       label="Show Diagnostics"
		       description="If yes, diagnostoc informstion will be displayed in the Module Edit screen.">
			<option value="0">No</option>
			<option value="1">Yes</option>
		</param>
	</params>
	<params group="other">
		<param type="spacer"
		       default="JavaScript parameters"/>
		<param name="loadjs"
		       type="list"
		       default="1"
		       label="Load JavaScript"
		       description="If No, none of the JavaScript included with this module will be loaded, which disables the following settings.">
			<option value="0">No</option>
			<option value="1">Yes</option>
		</param>
		<param name="loadjquery"
		       type="list"
		       default="1"
		       label="Load jQuery"
		       description="The carousel included with this module requires jQuery. Choose No if your site loads it elsewhere.">
			<option value="0">No</option>
			<option value="1">Yes</option>
		</param>
		<param name="dispItems"
		       type="text"
		       default="3"
		       label="Display Items"
		       description="Number of items to display at once."
		       size="15"/>
		<param name="loop"
		       type="list"
		       default="1"
		       label="Loop"
		       description="If yes, loops the carousel.">
			<option value="0">No</option>
			<option value="1">Yes</option>
		</param>
		<param name="autoSlide"
		       type="list"
		       default="1"
		       label="Auto Slide"
		       description="If yes, automatically click the Next button at a given interval">
			<option value="0">No</option>
			<option value="1">Yes</option>
		</param>
		<param name="autoSlideInterval"
		       type="text"
		       default="3000"
		       label="Auto Slide Interval"
		       description="The delay between each click using the autoSlide option."
		       size="15"/>
		<param name="btnsPosition"
		       type="list"
		       default="outside"
		       label="Button Position"
		       description="The position of the buttons relative to the carousel container.">
			<option value="outside">Outside</option>
			<option value="inside">Inside</option>
		</param>
		<param type="spacer"
		       default=" "/>
		<param type="spacer"
		       default="CSS parameters"/>
		<param name="loadcss"
		       type="list"
		       default="1"
		       label="Load CSS"
		       description="If yes, loads basic stylesheet and the following settings. No allows you to custom define everything in your template.">
			<option value="0">No</option>
			<option value="1">Yes</option>
		</param>
		<param name="containerwidth"
		       type="text"
		       default="600px"
		       label="Container Width"
		       description="Width of the outter element."
		       size="15"/>
		<param name="tweetwidth"
		       type="text"
		       default="200px"
		       label="Item Width"
		       description="Width of each item to be displayed."
		       size="15"/>
		<param name="buttondistance"
		       type="text"
		       default="75px"
		       label="Button Distance"
		       description="How far from the Carousel edges left/right should the buttons be located. "
		       size="15"/>
	</params>
</install>